名称,均价(元/㎡),地址,经度,纬度,片区,类型,建成年份,在售套数
保利天悦悦峰,,高新-科技六路 绍文路西安市第十四中学西南侧约70米,108.861483,34.208406,高新二期,二手房,2023,168
香榭御澄,33439,"高新-科技六路 木塔一路以东,科技八路以北",108.893390,34.200346,高新二期,二手房,2020,130
万达天樾,27297,高新-科技六路 高新路延伸段科技八路南侧,108.887216,34.196300,高新一期,二手房,2018,127
中华世纪城,15022,高新-科技路西口 西安西高新科技路西段239号,108.877855,34.235130,高新一期,二手房,2010,124
融侨城,15081,高新-大寨路 团结南路中段1号,108.877461,34.241763,高新一期,二手房,2011,122
万熙天地,18036,高新-西万路口 丈八东路与西沣路交汇处东南角,108.893401,34.187073,高新二期,二手房,2021,111
紫薇田园都市,17120,高新-锦业路 西安市高新区新型工业园,108.864943,34.169846,高新二期,二手房,2005,101
恒大城,11046,高新-大寨路 大寨路99号,108.859029,34.240783,高新一期,二手房,2010,98
宏府麒麟山,10254,高新-大寨路 大寨路129号,108.855213,34.240740,高新一期,二手房,2016,97
天地源枫林绿洲,24971,高新-科技六路 高新科技四路2号,108.891049,34.208116,高新二期,二手房,2008,93
中建国熙台,19937,高新-科技路西口 团结南路200号,108.874815,34.236711,高新一期,二手房,2015,91
逸翠园四期,29750,高新-锦业路 锦业二路与博士路十字路口东南角,108.865871,34.175061,高新二期,二手房,2016,87
逸翠园,26635,高新-锦业路 高新锦业二路10号,108.872869,34.176246,高新二期,二手房,2009,84
中航华府,14480,高新-大寨路 丈八路与大寨路交汇处1000米,108.849333,34.237322,高新一期,二手房,2017,83
苏宁云著,16331,高新-软件新城 云水一路与天谷五路东北角,108.832526,34.215188,软件新城,二手房,2022,82
万科高新华府,17117,高新-西万路口 西沣路56号,108.882770,34.174366,高新二期,二手房,2017,80
万科翡翠国宾,28615,高新-科技六路 丈八北路与科技七路交汇处,108.867958,34.200903,高新二期,二手房,2021,72
莱安逸珲,20423,高新-科技路西口 大寨路6号,108.869517,34.236908,高新一期,二手房,2015,65
金辉高新云璟,15009,高新-大寨路 西安市科技路与丈八北路十字向西200米,108.859762,34.234298,高新一期,二手房,2020,64
金地中央公园,20257,高新-西万路口 沈家桥一路与西沣三路交汇处西南角,108.888229,34.170534,高新二期,二手房,,63
东方米兰,11852,高新-科技路西口 大寨路2号,108.873101,34.238109,高新一期,二手房,2011,62
香榭兰廷,22711,高新-科技六路 科技六路木塔寺公园向东500米左右,108.893940,34.203672,高新二期,二手房,2015,62
铭城国际社区,10765,高新-大寨路 丈八路与大寨路交汇处(恒大城向西约300米),108.849996,34.240765,高新一期,二手房,2015,56
南海·高芯悦澜,14138,高新-大寨路 科技西路与石驿路交汇处东北角,108.844764,34.233586,高新一期,二手房,2025,56
万达天玺,35026,高新-科技六路 (雁塔) 木塔寺西路万达天玺,108.885537,34.200666,高新二期,二手房,2015,56
高新红枫林,13557,高新-大寨路 大寨路与团结南路交汇处西北角,108.871877,34.239971,高新一期,二手房,2011,55
昆明花园,11414,高新-大寨路 昆明路2号,108.871523,34.245324,高新一期,二手房,2011,55
绿地世纪城,19673,高新-锦业路 高新区锦业路1号,108.866828,34.190285,高新二期,二手房,2008,55
天地源丹轩坊,43303,高新-高新一中 高新路与科技三路交汇处,108.889012,34.213781,高新一期,二手房,2017,54
天地源·云水天境,20853,高新-软件新城 云水二路与天谷六路交汇处西北角 高新国际会议..,108.824246,34.212319,软件新城,二手房,2024,54
中建群贤汇,13875,高新-科技路西口 团结南路中段3号,108.876812,34.238203,高新一期,二手房,2012,51
中国铁建瑞园,12075,高新-科技路西口 高新六路北段6号,108.871246,34.235378,高新一期,二手房,2014,51
伟业公馆,17194,高新-科技路西口 科技路与高新六路丁字路口东北角(科技路299..,108.871312,34.232742,高新一期,二手房,2016,50
天朗蓝湖树,14102,高新-科技路西口 丈八北路380号天朗森柏大酒店旁,108.863585,34.229333,高新一期,二手房,2014,49
中大国际九号,89622,高新-高新一中 西安市高新区科技三路九号,108.890255,34.216386,高新二期,二手房,2017,48
旭景碧泽园,10105,高新-大寨路 丈八北路575号,108.868211,34.240079,高新一期,二手房,2005,47
金辉悦府,13618,高新-大寨路 昆明路甲330号,108.860131,34.245077,高新一期,二手房,2016,46
绿城海棠三章,25063,高新-软件新城 科技四路与化龙一路交汇处,108.863286,34.210746,软件新城,二手房,,45
金地西沣公元,15649,高新-西万路口 西沣路与西部大道交汇东北(高新管委会向南50..,108.885778,34.167511,高新二期,二手房,2015,45
中海·学仕里,28278,高新-CID中央创新区 西太路以西,108.838799,34.149650,高新二期,二手房,2025,45
金泰新理城,22510,高新-科技六路 丈八四路与西户公路交汇处西北角,108.859956,34.202052,高新二期,二手房,2015,44
中铁缤纷南郡,17075,高新-锦业路 丈八四路6号(科技八路与丈八四路交汇处西南角..,108.859973,34.197122,高新二期,二手房,2013,44
天地源·丹轩梓园,57737,高新-高新一中 西安市雁塔区高新路与科技二路交汇处,108.888663,34.217612,高新一期,二手房,2012,40
云顶园,24753,高新-高新一中 高新路89号,108.891021,34.212672,高新一期,二手房,2010,40
紫薇臻品,12440,高新-科技路西口 科技路西段298号,108.873867,34.232881,高新一期,二手房,2007,40
兰亭坊,32963,高新-科技六路 高新科技六路30号,108.891126,34.203980,高新二期,二手房,2012,38
国宾中央区,19925,高新-科技六路 丈八北路南端陕西宾馆正北侧,108.866718,34.202019,高新二期,二手房,2015,36
中海华庭,13353,高新-高新四路 二环南路西段228号,108.886135,34.239181,高新一期,二手房,2006,36
枫林华府,12425,高新-大寨路 高新区科技路与团结南路十字向北500米路西,108.872497,34.241618,高新一期,二手房,2011,35
长安龙胤,62303,高新-科技六路 雁塔区木塔寺路与木塔西路交叉路口,108.892213,34.200694,高新二期,二手房,2019,31
枫叶新都市,18303,高新-科技路西口 科技路与唐延路交界处沣惠南路2号,108.877425,34.230425,高新一期,二手房,2003,30
逸翠园i都会,18210,高新-锦业路 唐延南路11号,108.879446,34.179418,高新二期,二手房,2010,30
东方米兰国际城,16277,高新-鱼化寨 鱼镐路6号,108.842774,34.226790,高新二期,二手房,2015,29
中建轨交山海境,15730,高新-软件新城 科技西路与云水四路交汇处东南角,108.824545,34.229967,软件新城,二手房,,29
天地源枫林意树,23540,高新-科技六路 高新六路与科技六路交汇处,108.872040,34.204346,高新二期,二手房,2012,29
华府新桃园,9525,高新-大寨路 大寨路1号,108.879854,34.239930,高新一期,二手房,2010,28
坤元TIME,24002,高新-科技六路 太白南路与电子三路交汇处路西,108.895419,34.200987,高新二期,二手房,2016,28
海亮新英里,14446,高新-西万路口 西沣路与雁环路交汇处西安高新国际部对面,108.879337,34.171371,高新二期,二手房,2017,27
融创星美御,25136,高新-锦业路 锦业一路与丈八四路西北角,108.860457,34.185900,高新二期,二手房,2019,27
高山流水和城,16038,高新-科技六路 西万路口西北角,108.888467,34.193675,高新二期,二手房,2014,25
招商臻观府,23136,高新-软件新城 科技西路与西三环交汇处,108.833731,34.229099,软件新城,二手房,2022,25
保利·天悦,27937,"高新-科技六路 高新区丈八北路以西,科技六路以北",108.861483,34.208406,高新二期,二手房,2019,24
龙城铭园,13041,高新-软件园 丈八北路89号,108.865156,34.217816,软件新城,二手房,2015,24
南飞鸿十年城,16595,高新-鱼化寨 科技二路西段与西三环交汇东南角,108.838335,34.217815,高新二期,二手房,2017,24
城市风景夏日景色,17218,高新-软件园 科技二路与丈八北路十字东南角,108.867413,34.216659,软件新城,二手房,2007,23
金泰观澜府,27036,高新-电子城 太白南路与丈八东路交汇处东北角,108.891843,34.193501,高新一期,二手房,2023,22
中天新希望·未来印,27731,高新-郭杜 经二十路东侧(西安高新第一中学初中新校区北侧..,108.835945,34.152497,高新三期,二手房,,22
九鼎城,18879,高新-软件园 科技四路与丈八北路十字东南角,108.867630,34.213237,软件新城,二手房,2014,21
万科翡翠天誉,21220,高新-软件园 科技二路与丈八北路交汇处,108.862909,34.218137,软件新城,二手房,2018,21
新西蓝一期,9860,高新-高新四路 科技路209号,108.884767,34.232022,高新一期,二手房,2006,21
枫叶苑南区,27167,高新-高新一中 雁塔区高新产业开发区高新二路高新一中南门东南..,108.890683,34.220147,高新二期,二手房,2000,20
建邦华庭,21421,高新-科技六路 科技六路6号,108.897710,34.204884,高新二期,二手房,2014,20
领南郡,16781,高新-科技六路 太白南路190号,108.903227,34.209439,高新二期,二手房,2014,20
紫薇华发CID中央首府云璟时光,,高新-大学城 达仁路669号,108.833910,34.130985,高新三期,二手房,,20
保利双水磨小区,14127,高新-科技六路 丈八北路与科技六路十字,108.868341,34.208353,高新二期,二手房,2020,18
复地优尚国际,11864,高新-软件园 鱼斗路158号,108.847051,34.222633,软件新城,二手房,2011,18
碧桂园·高新云墅,29777,高新-大学城 纬三十四路以北、经二十二路以西、纬三十二路以..,108.837549,34.146949,高新三期,二手房,,17
高新大都荟,12226,高新-高新四路 科技路与高新四路十字西北角,108.886299,34.231465,高新一期,二手房,2016,17
林隐天下,14812,高新-锦业路 陕西省西安市高新区信息大道1号,108.858776,34.162789,高新二期,二手房,2011,17
唐南香榭,10962,高新-科技路西口 高新区科技路76号,108.868989,34.230449,高新一期,二手房,2005,17
枫韵蓝湾,10918,高新-科技路西口 西安市科技路与丈八北路交汇处,108.868422,34.233139,高新一期,二手房,2005,16
莱安逸境,13568,高新-高新四路 唐延路北1号,108.884298,34.240290,高新一期,二手房,2011,15
牡丹庄园,10253,高新-大寨路 唐延路北段28号,108.880580,34.244569,高新一期,二手房,2010,15
中国铁建·西派国樾,20256,高新-软件新城 软件新城天谷二路与云水二路交汇处,109.044941,34.361114,软件新城,二手房,2023,15
紫薇公园时光,43035,高新-科技六路 高新科技六路中段6号,108.888662,34.202323,高新二期,二手房,2013,15
风度天城,9901,高新-大寨路 富鱼路45号,108.862388,34.232363,高新一期,二手房,2011,14
天地源·高新宸樾,22422,高新-科技六路 科技六路与鱼化一路交叉口西北80米,108.852313,34.203587,高新二期,二手房,,14
晶鑫华庭,10993,高新-科技路西口 大寨路4号,108.871468,34.238627,高新一期,二手房,2016,14
天琴湾,15827,高新-锦业路 创汇路34号(西安市西南方位),108.843243,34.155428,高新二期,二手房,2017,14
中海·天谷时代,25436,高新-软件新城 丝路软件城 天谷二路与云水三路西北角,108.820920,34.226999,软件新城,二手房,,14
竹园阳光嘉苑,11962,高新-西万路口 西万路37号,108.877316,34.169917,高新二期,二手房,2011,14
黄金嘉园,10817,高新-大寨路 创新路南段80号,108.876280,34.244090,高新一期,二手房,2011,13
绿地国际花都,11524,高新-鱼化寨 科技路西段(富鱼路与西三环交汇处),108.833807,34.235993,高新二期,二手房,2016,13
华洲城领誉,10345,高新-鱼化寨 高新区科技路延伸段与西三环交汇处东北角,108.840497,34.244512,高新二期,二手房,2015,12
群贤庄,20428,高新-高新四路 西桃园群贤路3号群贤庄,108.884169,34.237820,高新一期,二手房,2005,12
万科金域国际住宅,18153,高新-高新一中 西安高新区科技三路,108.887392,34.214345,高新二期,二手房,2018,12
紫薇西棠,12755,高新-鱼化寨 富裕一路与富源二路交汇处西北角,108.823059,34.235958,高新二期,二手房,2018,12
碧桂园高新时代,19680,高新-西万路口 丈八东路与太白南路东南角,108.888844,34.188372,高新二期,二手房,2017,11
德通·昆仑序,,高新-大寨路 丈八北路与科技路十字德通·昆仑序,108.851623,34.237208,高新一期,二手房,2027,11
南飞鸿玖玺大观,16350,高新-大寨路 雁塔区大寨路与经十三路交汇处东南角,108.843906,34.237257,高新一期,二手房,2023,11
逸翠尚府,19182,高新-锦业路 西安市高新区丈八二路33号,108.874916,34.176503,高新二期,二手房,2013,11
左岸春天,10492,高新-科技路西口 鱼斗路18号西安外事学院北门对面,108.862335,34.228289,高新一期,二手房,2011,11
爱西华庭,10198,高新-大寨路 丈八北路709号,108.866903,34.242210,高新一期,二手房,2006,10
城市风景都市印象,20068,高新-科技路西口 科技路82号,108.867138,34.228754,高新一期,二手房,2009,10
枫叶新新家园,36642,高新-高新一中 科技二路58号,108.885921,34.218353,高新二期,二手房,2004,10
高新第五季,11379,高新-西万路口 西沣路与锦业二路十字东北角(高新国际学校对面..,108.883207,34.178247,高新二期,二手房,2015,10
高科朗山,28616,高新-科技六路 科技7路12号,108.874184,34.201214,高新二期,二手房,2016,10
鸿基新城,13094,高新-软件园 西三环以东,108.857747,34.212517,软件新城,二手房,2013,10
尚品美地城,15789,高新-锦业路 锦业路西口(锦业路与西三环十字东北角),108.842578,34.188708,高新二期,二手房,2015,10
泰祥花园,21676,高新-高新一中 高新路与科创路十字向南100米,108.896440,34.219932,高新一期,二手房,1998,10
西港雅苑,15377,高新-锦业路 锦业路40号,108.883689,34.227024,高新二期,二手房,2011,10
高科新花园,19844,高新-科技路西口 高新开发区团结南路2号,108.874462,34.228491,高新一期,二手房,2002,9
华洲城云顶,15567,高新-大寨路 石桥路325号,108.839616,34.236619,高新一期,二手房,2021,9
恒大阳光馨苑,10395,高新-大寨路 昆明路430号,108.856869,34.245565,高新一期,二手房,2012,9
九形道,11625,高新-大寨路 团结南路28号,108.874564,34.241437,高新一期,二手房,2014,9
利君明天,14054,高新-软件园 唐兴路与丈八路交汇处东南角,108.867076,34.224852,软件新城,二手房,2007,9
南飞鸿天锦,15729,高新-鱼化寨 鱼斗路241号,108.840917,34.220172,高新二期,二手房,2016,9
卓越坊,15373,高新-鱼化寨 科技西路与富源二路交汇处向北300米,108.825858,34.237313,高新二期,二手房,2020,9
高科花园,20999,高新-高新四路 西安高新技术产业开发区科技路,108.887929,34.226365,高新一期,二手房,1998,8
鸿锦城罗曼尼,17326,高新-鱼化寨 富鱼路与西三环路交叉口东南角,108.839163,34.223503,高新二期,二手房,2019,8
南飞鸿蓝庭序,16477,高新-鱼化寨 西三环以东,108.840231,34.215497,高新二期,二手房,2023,8
天地源·永安华府,23355,高新-郭杜 中央创新区经二十六路和纬三十路交汇东南角,108.821553,34.142738,高新三期,二手房,2025,8
万家灯火,12389,高新-锦业路 陕西省西安市雁塔区丈八六路辅路,108.849398,34.197416,高新二期,二手房,2012,8
永和璞玉,17898,高新-软件园 丈八北路与科技四路十字向南50米路东,108.867678,34.211938,软件新城,二手房,2016,8
招商云兰,22929,高新-CID中央创新区 丝路创新区经二十六路西侧,108.811070,34.128838,高新二期,二手房,,8
大华阳光曼哈顿,16515,高新-科技六路 太白南路118号,108.900531,34.206681,高新二期,二手房,2007,7
枫叶苑北区,32631,高新-高新一中 枫叶北路1号,108.893365,34.225105,高新二期,二手房,2000,7
卡布奇诺公馆,11206,高新-大寨路 民洁路1号,108.869761,34.241633,高新一期,二手房,2012,7
科技路金茂府,22344,"高新-鱼化寨 雁塔区未来产业城科技西路以北,西余铁路以南,..",108.807953,34.232090,高新二期,二手房,2026,7
昆明时光3区,,高新-沣东新城 昆明路,108.825688,34.247587,其他,二手房,2014,7
荣兴云天,12179,高新-锦业路 西安市高新技术产业开发区创汇路1号,108.858529,34.157706,高新二期,二手房,2010,7
上上城,14787,高新-徐家庄 科技路与太白南路十字(向南200米路西),108.908109,34.217713,高新二期,二手房,2013,7
天正幸福里,10523,高新-西万路口 太白南路39号,108.887675,34.187289,高新二期,二手房,2010,7
腾业南院,13622,高新-锦业路 高新区锦业二路84号,108.853445,34.175715,高新二期,二手房,2012,7
唐延九珺,23974,高新-科技六路 高新丈八东路与高新路朝南延伸段交汇处,108.886302,34.193758,高新一期,二手房,2018,7
旺座现代城,13135,高新-唐延路 唐延路35号,108.884851,34.209708,高新二期,二手房,2009,7
新城首府,18819,高新-西沣路 西沣路与西部大道交汇处向东500米,108.879136,34.164080,高新二期,二手房,2023,7
银领花园,10133,高新-软件园 鱼斗路116号,108.845859,34.225057,软件新城,二手房,2007,7
保利天汇,23069,高新-软件新城 丝路软件新城 天谷五路与云水六路交汇处,108.814580,34.212608,软件新城,二手房,2025,6
八号府邸,29903,高新-科技六路 丈八东路与科技七路交叉口东北50米,108.870089,34.202431,高新二期,二手房,2012,6
高新水晶城,16965,高新-高新一中 高新路69号,108.892669,34.218412,高新一期,二手房,2013,6
海棠别馆,13562,高新-锦业路 锦业二路86号,108.851571,34.175695,高新二期,二手房,2011,6
皇家花园,19763,高新-高新一中 高新高新路50号,108.897890,34.222445,高新一期,二手房,2010,6
罗马西西里,12574,高新-锦业路 丈八六路与西户公路交叉口西侧,108.847725,34.197574,高新二期,二手房,2015,6
米罗蓝山,12375,高新-科技路西口 高新六路2号,108.870130,34.230475,高新一期,二手房,2007,6
美寓华庭,10537,高新-锦业路 科技八路104号,108.845688,34.197049,高新二期,二手房,2013,6
恬静园,9035,高新-科技路西口 唐延路北段112号,108.881023,34.237240,高新一期,二手房,2010,6
西安锦都,13376,高新-高新四路 群贤路6号,108.885208,34.235555,高新一期,二手房,2004,6
新西蓝二期,10880,高新-高新四路 西安市雁塔区高新四路8号,108.889185,34.231335,高新一期,二手房,2007,6
越秀铁建·樽樾,26969,高新-郭杜 祝仁路与星桥路交汇处西北角,108.831857,34.152293,高新三期,二手房,,6
自在山,28073,高新-高新四路 高新区唐兴路5号,108.887156,34.227601,高新一期,二手房,2014,6
枫叶别墅苑,27868,高新-高新一中 高新二路与科技一路交汇处,108.891974,34.222768,高新二期,二手房,1996,6
绿地诺丁山别墅,36496,高新-锦业路 高新区锦业路与丈八二路十字北50米,108.872168,34.191243,高新二期,二手房,2011,6
枫叶新家园,25196,高新-高新一中 高新区高新二路和科技二路交接处,108.887002,34.220443,高新二期,二手房,2003,5
枫叶高层,19477,高新-徐家庄 高新路45号,108.899310,34.226446,高新一期,二手房,2001,5
丰硕佳园,10854,高新-西万路口 子午大道2036号,108.896738,34.186394,高新二期,二手房,2016,5
高科·枫林九里|檀阅里,14660,高新-科技路西口 科技路,108.837129,34.224571,高新一期,二手房,2026,5
花园印象,27703,高新-高新一中 西安市高新区高新一路7号,108.894954,34.223654,高新二期,二手房,2004,5
晶城秀府,14207,高新-西万路口 丈八东路288号,108.891575,34.190761,高新二期,二手房,2015,5
中铁立丰国际广场,14020,高新-西万路口 丈八东路与子午大道十字西南角,108.991095,34.241388,高新二期,二手房,2020,5
融创天朗珑府,18925,高新-西万路口 西部大道5509号,108.878574,34.167201,高新二期,二手房,2015,5
一品美道,23162,高新-高新一中 高新路60-乙号,108.895003,34.222975,高新一期,二手房,2015,5
中国铁建·西派樘樾,23453,高新-软件新城 丝路软件城 天谷二路与云水二路交汇处,108.994652,34.202811,软件新城,二手房,2025,5
中天花园,15247,高新-徐家庄 科技二路与高新路十字向东200米,108.899511,34.215975,高新一期,二手房,2005,5
中国铁建西派玺悦,22602,"高新-锦业路 星虹二路以西、隆盛路以东、兴昌一路以北,兴昌..",108.811505,34.125606,高新二期,二手房,,5
林隐天下别墅,20073,高新-锦业路 信息大道1号(博士路与西部大道十字向南200..,108.858776,34.162789,高新二期,二手房,2011,5
都市春天,15514,高新-科技路西口 唐兴路19号,108.867972,34.227341,高新一期,二手房,2014,4
高科尚都,16426,高新-锦业路 锦业路与丈八五路交汇处向北100米,108.859322,34.191018,高新二期,二手房,2014,4
高科花园二期,20839,高新-高新一中 唐兴路与高新四路十字西南角,108.887929,34.226365,高新一期,二手房,2000,4
君合天玺,11762,高新-鱼化寨 昆明路与富源二路十字交汇西南角,108.823938,34.243223,高新二期,二手房,,4
绿城春风心语-春风苑,16720,高新-软件园 科技四路与鱼化一路交汇处西北侧,108.858935,34.215292,软件新城,二手房,,4
绿港花园,13238,高新-软件园 高新6路43号,108.871278,34.212362,软件新城,二手房,2004,4
林凯花园,18873,高新-唐延路 高新一路南段128号,108.884980,34.211469,高新二期,二手房,2007,4
罗马景福城,16234,高新-锦业路 高新三中以东(丈八东路与丈八四路交汇处西北角..,108.861702,34.194002,高新二期,二手房,2016,4
美立方,9934,高新-科技路西口 西安市雁塔区丈八北路491号,108.867845,34.235772,高新一期,二手房,2010,4
曲江文商·檀境,20704,高新-大学城 未来之瞳北30米,108.822849,34.139245,高新三期,二手房,2024,4
尚品格蓝,21032,高新-高新一中 高新五路16号,108.885282,34.220742,高新二期,二手房,2005,4
唐延鑫苑,11228,高新-高新四路 唐延路北段63号,108.883981,34.234069,高新一期,二手房,2011,4
紫薇田园都市F区,30139,高新-锦业路 高新区唐延路南段紫薇田园都市,108.866249,34.168295,高新二期,二手房,2002,4
长征365,16875,高新-锦业路 长安科技园1号,108.870919,34.166698,高新二期,二手房,2007,3
高新·天谷雅舍,25735,高新-软件新城 天谷四路以北、云水三路以东、云水二路以西,108.824615,34.219185,软件新城,二手房,,3
高科·紫薇嘉境(北区),17406,高新-CID中央创新区 纬三十四路以南,108.816127,34.136179,高新二期,二手房,,3
华洲城天峰,16470,高新-鱼化寨 大寨路3560号,108.841847,34.238189,高新一期,二手房,2017,3
龙湖青云阙,18104,高新-大学城 经二十二路与纬三十六路交汇处(未来之瞳旁),108.814189,34.128742,高新三期,二手房,2025,3
龙记观澜国际,17552,高新-软件园 科技二路76号,108.868506,34.218613,软件新城,二手房,2015,3
满堂悦MOMA,15133,高新-锦业路 锦业路88号,108.837980,34.186394,高新二期,二手房,2013,3
欧锦园,20256,高新-高新一中 科技路34号,108.894912,34.225592,高新二期,二手房,2007,3
泉上花间,13205,高新-锦业路 西沣路128号阿姆瑞特家居中心南侧,108.858718,34.158611,高新二期,二手房,2014,3
双威温馨花园,11975,高新-徐家庄 博文路11号,108.898236,34.217187,高新二期,二手房,2004,3
逸翠园别墅,33575,高新-锦业路 唐延南路与绕成高速公路交汇处,108.872869,34.176246,高新二期,二手房,2007,3
铂悦,15149,高新-科技路西口 科技路76号,108.867876,34.230220,高新一期,二手房,2016,2
保利爱尚里,19321,高新-科技六路 科技六路与丈八北路十字东南角,108.868580,34.204835,高新二期,二手房,2018,2
东尚蜂鸟,13533,高新-锦业路 绕城高速以南(锦业二路与丈八六路十字西南角),108.848167,34.175388,高新二期,二手房,2014,2
都市印象SOLO街区,,"高新-科技路西口 科技路,近丈八北路",108.867138,34.228754,高新一期,二手房,,2
枫叶广场,,高新-高新一中 高新路63号,108.895375,34.219664,高新一期,二手房,1995,2
高新金茂悦园,27110,高新-软件园 鱼化寨街与化龙一路十字东南角(皂河景观带旁),108.850668,34.226002,软件新城,二手房,,2
高新云锦,18178,高新-锦业路 锦业路与丈八六路十字西北角,108.848414,34.188641,高新二期,二手房,2024,2
高科尚郡,19834,高新-科技六路 高新六路与科技六路交汇处,108.871774,34.207542,高新二期,二手房,2016,2
高科尚都摩卡,9287,高新-锦业路 西安市雁塔区丈八西路与丈八五路交汇处向东50..,108.859584,34.190287,高新二期,二手房,2014,2
捷瑞新时代,11487,高新-软件园 丈八北路256号,108.865468,34.224689,软件新城,二手房,2012,2
嘉禾广运,13988,高新-锦业路 丈八五路与瞪羚路十字东南角(高新第五小学东临..,108.859416,34.195177,高新二期,二手房,2015,2
昆明时光2区,,"高新-鱼化寨 昆明路,近富源二路",108.829551,34.245266,高新二期,二手房,2014,2
龙天名俊,15331,高新-锦业路 丈八六路8号,108.849536,34.193311,高新二期,二手房,2012,2
绿地海珀香庭,29428,高新-锦业路 丈八二路与锦业路交口向北190米路东,108.874664,34.190266,高新二期,二手房,2010,2
南飞鸿乐境雅荟,15156,高新-软件新城 经十四路以西、西三环以东、天谷四路以南、规划..,108.841045,34.217112,高新三期,二手房,,2
庆安颐秀园,17447,高新-高新一中 高新二路26号,108.888323,34.221383,高新二期,二手房,2004,2
群贤花园,16519,高新-徐家庄 博文路33号,108.898566,34.218083,高新二期,二手房,2008,2
万达西安one,13323,高新-科技六路 唐延路49号万达广场B1,108.885113,34.202307,高新二期,二手房,2018,2
西化南区,8033,高新-大寨路 昆明路5号,108.867446,34.243939,高新一期,二手房,1990,2
易和蓝钻,10048,高新-徐家庄 二环南路西段154号,108.904728,34.231588,高新二期,二手房,2012,2
丈八沟碧水源,13119,高新-科技六路 科技7路7号,108.871878,34.202428,高新二期,二手房,2014,2
中圣绿苑,11502,高新-锦业路 创汇路20号,108.852842,34.157632,高新二期,二手房,2001,2
万达长安龙胤,80694,高新-科技六路 木塔寺路与木塔寺西路交叉口路口处,108.891628,34.200668,高新二期,二手房,2020,2
保利·天瓒,,高新-软件新城 科技六路与化龙二路交汇处,108.845546,34.204503,软件新城,二手房,,1
高新逸品,12391,高新-锦业路 丈八六路6号,108.849536,34.196188,高新二期,二手房,2013,1
鸿景花园,21256,高新-高新一中 西安市雁塔区高新五路与科技一路十字东南角,108.886702,34.221776,高新二期,二手房,2000,1
含光佳苑,15388,高新-高新一中 高新路67号,108.894575,34.218981,高新一期,二手房,2005,1
海佳云顶,9904,高新-高新四路 高新三路2号,108.894765,34.235575,高新一期,二手房,2004,1
华怡园,26787,高新-高新一中 西安市雁塔区高新四路20号,108.887860,34.224659,高新一期,二手房,1998,1
华立苑,23331,高新-高新一中 科技一路4号,108.893096,34.220043,高新二期,二手房,2008,1
交警支队社区,9649,高新-徐家庄 太白南路8号,108.933260,34.147566,高新二期,二手房,2004,1
金泰和樾,21329,高新-软件新城 科技七路与化龙二路十字东南,108.847843,34.200434,软件新城,二手房,2026,1
隆基泰和云玺领峯,25609,高新-软件新城 软件新城天谷三路与云水三路交叉口西北角,108.820733,34.223626,软件新城,二手房,,1
领航·云熙,15584,高新-科技路西口 雁塔区科技路与高新六路交汇处向北200米,108.871046,34.236793,高新一期,二手房,,1
糜家桥小区,8427,高新-徐家庄 高新路25号,108.901860,34.228663,高新一期,二手房,1996,1
南飞鸿·鸿锦城,17961,"高新-鱼化寨 福谦路南侧,化龙三路西侧,科技二路北侧",108.838335,34.217815,高新二期,二手房,2016,1
秦锦苑,21049,高新-高新一中 科技路付26号,108.900138,34.222735,高新二期,二手房,2000,1
融鑫园小区,9251,高新-徐家庄 融鑫路8号,108.905178,34.218179,高新二期,二手房,1999,1
热电小区,8574,高新-大寨路 民洁路3号,108.869574,34.244509,高新一期,二手房,1998,1
水晶国际,28369,高新-高新一中 科技2路39号,108.895563,34.216831,高新二期,二手房,2006,1
时代风尚,13469,高新-大寨路 昆明路与团结南路交汇处东南角,108.876627,34.244695,高新一期,二手房,2012,1
天竹元谷,15472,高新-大寨路 西二环与昆明路十字向西500米(昆明路与团结..,108.875820,34.245279,高新一期,二手房,2015,1
天地源龙湖春江天境,19534,高新-西万路口 西安国际社区(梁家滩国际学校北侧),108.753558,34.133678,高新二期,二手房,2022,1
文华阁,17732,高新-高新一中 高新四路和科技一路口(高科花园二期南门对面),108.886587,34.224024,高新一期,二手房,2002,1
欣景苑,11416,高新-徐家庄 博文路15号,108.897938,34.216177,高新二期,二手房,2003,1
心桥佳苑,16780,高新-唐延路 唐延路与科技四路十字东南侧,108.885377,34.213634,高新二期,二手房,2011,1
远洋落子栖,15192,高新-大寨路 昆明路与丈八北路十字东南角向东300m,108.868822,34.245443,高新一期,二手房,2020,1
紫薇生态城,21212,高新-西万路口 西安国际社区,108.754176,34.135415,高新二期,二手房,,1
长安园公寓小区,11052,高新-锦业路 硕士路2号,108.852787,34.169028,高新二期,二手房,2005,1
中海·云水观园,,高新-软件新城 高新区丝路软件城科技六路以南、化龙二路以西,108.821299,34.221004,软件新城,二手房,2025,1
20所社区,17922,高新-徐家庄 科技路俪人医院对面,108.901317,34.225969,高新二期,二手房,2010,0
3507家属院,8327,高新-大寨路 昆明路十字向西300米,109.090109,34.318632,高新一期,二手房,1990,0
A9公馆,21784,高新-科技六路 科技四路2号,108.889487,34.211055,高新二期,二手房,2009,0
博文园,11956,高新-徐家庄 博文路53号,108.900788,34.222403,高新二期,二手房,2004,0
城市皇冠,9956,高新-高新四路 高新4路12号,108.889676,34.232271,高新一期,二手房,2009,0
船舶设备公司家属院,9304,高新-公交五公司 太白南路318号云城大酒店院内,108.911909,34.222485,高新一期,二手房,1997,0
长安居,27638,高新-唐延路 高新一路南段126号,108.885465,34.212313,高新二期,二手房,2009,0
创业商务公寓,11908,高新-高新四路 高新区西安科技路48号,108.884490,34.206806,高新一期,二手房,2009,0
长安农驾校家属院,11288,高新-西万路口 子午大道与韦郭大道十字东北,108.914542,34.222118,高新二期,二手房,2009,0
创汇社区(D区),,高新-锦业路 定昆池二路,108.823771,34.171130,高新二期,二手房,,0
CCmall,,高新-软件园 丈八北路138号,87.602090,43.798066,软件新城,二手房,2017,0
电信高层,15136,高新-高新一中 高新区科技路与高新路十字西南角,108.883689,34.227024,高新一期,二手房,2009,0
地税局家属院,7547,高新-高新四路 西安市雁塔区科技路19号,108.921882,34.246343,高新一期,二手房,2009,0
导航家园,13206,高新-徐家庄 光华路1号,108.904591,34.227058,高新二期,二手房,1993,0
大寨路新华小区,6998,高新-科技路西口 丈八北路6号,108.866598,34.238026,高新一期,二手房,2000,0
大寨子村小区,,高新-大寨路 大寨路,108.857660,34.236378,高新一期,二手房,,0
东滩社区北区,,高新-锦业路 丈八西路,108.842737,34.194634,高新二期,二手房,1994,0
电子科技集团第二十研究所家属院,,"高新-徐家庄 二环南路,近白沙路",108.824615,34.111604,高新二期,二手房,2001,0
导航所小区北区,,高新-徐家庄 高新路,108.903389,34.229417,高新一期,二手房,,0
二十所社区,12068,高新-徐家庄 光华路1号,108.901317,34.225969,高新二期,二手房,1998,0
枫景观天下,29021,高新-高新一中 高新4路30号,108.887549,34.222665,高新二期,二手房,2008,0
枫叶大厦,17753,高新-高新一中 高新路63号,108.896018,34.221158,高新一期,二手房,2003,0
沣惠南路130号,7600,高新-科技路西口 西安市高新区科技路与沣惠南路交汇处向北500..,108.884033,34.244528,高新一期,二手房,2002,0
付三号院,,高新-徐家庄 高新路,108.905056,34.230851,高新一期,二手房,1998,0
高新尊贵壹方,13040,高新-软件园 科技路与丈八北路交汇向南300米,108.865383,34.226905,软件新城,二手房,,0
高新·云熙港,23091,高新-大学城 三期规划六路与规划十六路交汇处,108.824741,34.140604,高新三期,二手房,,0
高新尚品,21000,高新-科技六路 经五路与科技七路十字东南角,108.864434,34.201016,高新二期,二手房,2023,0
高科·云天,30291,高新-软件新城 天谷三路与云水三路十字交汇处东北角,108.824235,34.224253,软件新城,二手房,2025,0
高新水晶岛,9887,高新-科技六路 沣惠南路38号,108.880720,34.202116,高新一期,二手房,2004,0
高新未未来,10617,高新-锦业路 硕士路33号,108.854179,34.154634,高新二期,二手房,2015,0
高新尊寓,22798,高新-高新四路 南二环与群贤路交汇处向南300米,108.885692,34.236862,高新一期,二手房,2018,0
高新智尚,15272,高新-科技路西口 科技路与丈八北路十字向南350米,108.864696,34.225712,高新一期,二手房,2023,0
高新有色金属家属院,16394,高新-高新一中 高新路南段20米,108.895575,34.217528,高新一期,二手房,1999,0
高新邮政家属院,19830,高新-高新一中 科技路世纪金花对面,108.916385,34.205399,高新二期,二手房,2009,0
光电园,12292,高新-软件园 科技二路77号,108.868523,34.220732,软件新城,二手房,2010,0
高新科技花园,27200,高新-科技六路 沣惠南路与科技七路的交汇处水晶岛酒店西侧,108.879607,34.202230,高新一期,二手房,2013,0
高新花园,11630,高新-锦业路 丈八西路101号,108.835652,34.193979,高新二期,二手房,2004,0
保利云谷天汇,,"高新- 高新区丝路软件城富鱼路以南,天谷二路以北,云..",108.816823,34.227144,软件新城,二手房,2026,0
龙湖 高新云河颂,,高新- 高新区中央创新区纬二十八路以南、经二十路以西..,108.827743,34.143301,高新三期,二手房,2025,0
高新玖号院,,"高新- 高新区鱼化街道经十三路以东、科技六路以北,绍..",108.820725,34.179625,高新二期,二手房,,0
高科广场小区,,高新-高新四路 高新四路1号,108.893942,34.236147,高新一期,二手房,2002,0
环亚花园,25435,高新-高新一中 科技一路附10号,108.893153,34.219761,高新二期,二手房,2006,0
汇鑫温泉都市庭院,15974,高新-高新四路 高新南二环高新四路3号,108.883689,34.227024,高新一期,二手房,2009,0
汇翔苑,13394,高新-高新一中 科技一路副2号,108.896446,34.217705,高新二期,二手房,2000,0
汇鑫花园,11730,高新-高新四路 二环南路西段202号,108.890166,34.237269,高新一期,二手房,2011,0
含光路中段甲字29号,21041,高新-高新一中 含光路中段甲字29号,108.923993,34.227604,高新二期,二手房,2009,0
海关家属院,27020,高新-高新一中 崇业路25号,108.927821,34.221790,高新二期,二手房,2005,0
瀚源国际,15765,高新-徐家庄 高新科创路与太白南路十字西北角,108.908995,34.217039,高新二期,二手房,2015,0
黄冠小区,,高新-高新四路 (碑林) 和平路黄冠小区,108.889676,34.232271,高新一期,二手房,,0
红叶大厦小区,,高新-高新四路 高新四路和科技路十字,108.888822,34.228638,高新一期,二手房,1998,0
汇鑫温泉高级小区,,高新-高新四路 二环南路西段6号,108.890267,34.238118,高新一期,二手房,2015,0
华奥大厦小区,,高新-徐家庄 高新科技路10号,108.883689,34.227024,高新二期,二手房,2004,0
海星广场小区,,高新-高新四路 科技路与高新二路交汇处,108.883689,34.227024,高新一期,二手房,2001,0
锦悦府,16290,高新-锦业路 锦业二路与丈八六路十字东南角,108.850063,34.175996,高新二期,二手房,,0
捷瑞小区,10593,高新-高新四路 二环南路西段208号,108.889481,34.237930,高新一期,二手房,2010,0
九座花园,8062,高新-高新四路 二环南路西段202号,108.890707,34.238102,高新一期,二手房,2006,0
嘉天国际,11680,高新-徐家庄 太白南路216号,108.907531,34.216051,高新二期,二手房,2007,0
锦业76,14426,高新-锦业路 锦业路76号(绿地世纪城斜对面),108.851261,34.187030,高新二期,二手房,2011,0
金泰怡景花园,9863,高新-鱼化寨 西高新科技路西延长线(规划中西安地铁三号线西..,108.840700,34.234306,高新三期,二手房,2014,0
锦都荟,16055,高新-锦业路 锦业路与丈八六路十字西北角处,108.845989,34.188653,高新二期,二手房,2015,0
杰座公寓,23042,高新-科技路西口 科技路枫叶新都市北门,108.879682,34.230698,高新一期,二手房,2003,0
蒋家寨小区,9346,高新-高新一中 博文路51号,108.898504,34.221627,高新二期,二手房,2009,0
焦化佳苑,11358,高新-大寨路 丈八北路北段(花市对面),108.866433,34.243457,高新一期,二手房,1999,0
锦江小区,14385,高新-徐家庄 南二环和高新路十字东,108.883689,34.227024,高新一期,二手房,2009,0
交警支队家属院,14297,高新-徐家庄 科技路56号,108.871040,34.173306,高新二期,二手房,2005,0
锦业居,12824,高新-锦业路 艺术大街西段56号,108.858512,34.169393,高新二期,二手房,2009,0
九树公寓,41550,高新-高新一中 科技二路61号,120.102412,30.176888,高新二期,二手房,2019,0
焦化嘉苑,8665,高新-大寨路 (雁塔) 丈八北路831号,108.866433,34.243457,高新一期,二手房,1999,0
净化小区,,高新-高新四路 怀德北巷288号,108.888560,34.236781,高新一期,二手房,2015,0
科技路家属楼,21299,高新-徐家庄 科技路与白沙路交汇处,108.936324,34.243422,高新二期,二手房,2005,0
科创路天然气家属院,32621,高新-高新一中 科创路030号,108.897554,34.220149,高新二期,二手房,2009,0
科技路副三号院,12860,高新-徐家庄 二环南路西段150号市政小区隔壁,108.904754,34.230872,高新二期,二手房,,0
昆明路造纸厂家属院,5890,高新-大寨路 西安市昆明路与团结南路交汇处向南200米路西,108.874837,34.244738,高新一期,二手房,1998,0
蓝城环球中心,43317,高新-高新四路 高新科技路与高新四路十字东北角(香格里拉酒店..,108.892361,34.228791,高新一期,二手房,,0
丽湾蓝岛,9798,高新-徐家庄 科创路3号,108.907255,34.217205,高新二期,二手房,2004,0
廊桥逸景,19744,高新-科技六路 城西西户路口北靠312国道南邻西户路,108.883689,34.227024,高新二期,二手房,2009,0
绿地诺丁山,40047,高新-锦业路 锦业路1号诺丁山,108.872168,34.191243,高新二期,二手房,2012,0
莱安星座,12991,高新-科技路西口 大寨路6号(大寨路与唐延路什字向西300米),108.945736,34.194026,高新一期,二手房,2015,0
燎原小学家属院,7911,高新-徐家庄 (雁塔) 科技路燎原小学家属院,108.899358,34.225166,高新二期,二手房,1995,0
龙湖·青云阙 昱府,,高新- 高新区兴隆街道规划二路以西、经三十四路以东、..,108.807742,34.128343,高新三期,二手房,2025,0
领先时代广场小区,,高新-唐延路 高新路86号,108.886496,34.209176,高新一期,二手房,2000,0
绿城秋月苑,,高新-软件新城 科技四路与丈八北路交汇处,108.864760,34.211902,软件新城,二手房,2026,0
绿地都市之门,,高新-高新路,108.881581,34.190146,高新一期,二手房,,0
里花水社区,,高新-锦业路 丈八六路,108.843394,34.190639,高新二期,二手房,2001,0
亮丽住宅楼,,"高新-唐延路 唐延路以东,科技四路以南",108.979075,34.185037,高新二期,二手房,,0
玫瑰大楼,16369,高新-高新四路 科技路25号,108.890072,34.228281,高新一期,二手房,2000,0
摩登BOBO,12727,高新-徐家庄 白沙路3号,108.903144,34.218882,高新二期,二手房,2005,0
名园新居,17645,高新-徐家庄 科技路10号,108.906838,34.219472,高新二期,二手房,2005,0
锦尚名城,19685,高新-锦业路 锦业路与西三环交汇处的西南角(西三环西侧),108.837980,34.186394,高新二期,二手房,2015,0
名城天下,15909,高新-高新一中 高新路73号,108.894642,34.215954,高新一期,二手房,2016,0
民洁小区,10110,高新-大寨路 民洁路2号,108.868718,34.242114,高新一期,二手房,2000,0
迷你国度,9968,高新-徐家庄 高新区科创路1号,108.908329,34.216505,高新二期,二手房,2006,0
木塔寨家属院,14279,高新-科技六路 科技七路2号,108.880896,34.201469,高新二期,二手房,2006,0
漫谷美域,,高新-鱼化寨 沣惠渠东侧,109.024596,34.310777,高新二期,二手房,2012,0
木塔寨北村安置小区,,"高新-科技六路 木塔一路,近科技六路",108.893386,34.204960,高新二期,二手房,,0
民航小区西区(唐延路),,高新-高新四路 唐延路3号,108.884735,34.227940,高新一期,二手房,,0
南飞鸿康缔大厦,10659,高新-软件新城 雁塔区科技二路与西三环路交汇处,108.837284,34.223400,软件新城,二手房,2022,0
楠竹庭苑,,高新-电子城 东兴巷,108.916609,34.188471,高新一期,二手房,2008,0
南窑头社区东区,,高新-唐延路 团结南路,108.877401,34.212278,高新一期,二手房,2010,0
培华小区,8718,高新-徐家庄 白沙路5号,108.883689,34.227024,高新二期,二手房,2002,0
旗远锦樾,13368,高新-锦业路 锦业路36号,108.868255,34.186529,高新二期,二手房,2013,0
七克拉晶座,11805,高新-锦业路 高新区锦业路与丈八三路交汇东北角,108.871396,34.188429,高新二期,二手房,2010,0
秦农银行住宅区,8330,高新-科技路西口 丈八沟街道丈八北路489号秦农银行家属院,108.866621,34.233033,高新一期,二手房,2001,0
庆安昆明路小区50号院,7140,高新-大寨路 昆明路50号,108.878523,34.245552,高新一期,二手房,1995,0
启迪中心 | 创公馆住宅,,高新-唐延路 科技二路67号启迪科技园,108.876616,34.220387,高新二期,二手房,,0
荣民捌号,21182,高新-软件园 科技一路与丈八北路交汇处东南角,108.867269,34.221362,软件新城,二手房,,0
融鑫科技公寓,29166,高新-徐家庄 高新高新融鑫路8号,108.905178,34.218179,高新二期,二手房,2009,0
融创珺庭府,21988,高新-锦业路 锦业三路与比亚迪路十字东南方向,108.841094,34.172167,高新二期,二手房,2023,0
日化小区,8411,高新-科技路西口 丈八北路4号,108.867475,34.237932,高新一期,二手房,2000,0
热力小区,8177,高新-大寨路 民洁路3号,108.869527,34.243391,高新一期,二手房,2014,0
融鑫路电信小区,9547,高新-徐家庄 融鑫路3号,108.907355,34.218056,高新二期,二手房,2009,0
人民银行西安分行家属院,20456,高新-高新一中 高新路49号,108.898336,34.223349,高新一期,二手房,2007,0
荣民玖号,,高新-高新四路 高新二路与光泰路交汇处西北角,108.896061,34.233852,高新一期,二手房,,0
乳驾庄社区,,高新-锦业路 西部大道,108.823709,34.167925,高新二期,二手房,1998,0
盛世华庭,10786,高新-徐家庄 高新博文路9号,108.897074,34.216303,高新二期,二手房,2003,0
萨菲尔名邸,7308,高新-徐家庄 高新科技路20号,108.902318,34.222741,高新二期,二手房,2007,0
世纪颐园,10543,高新-高新四路 科技路195号,108.888068,34.230204,高新一期,二手房,2005,0
四季风景,21560,高新-高新一中 高新高新区科技二路28号,108.887223,34.218917,高新二期,二手房,2004,0
世家第五季,43322,高新-西万路口 东仪路人人乐南100米路,108.883689,34.227024,高新二期,二手房,2009,0
尚中心,13157,高新-高新一中 高新路51号,108.896513,34.222135,高新一期,二手房,2014,0
山西证券大厦,6598,高新-高新四路 高新二路2号,108.897266,34.234261,高新一期,二手房,2009,0
三五一一社区,8749,高新-大寨路 昆明路2号,108.873501,34.244763,高新一期,二手房,2000,0
世纪公寓,7422,高新-徐家庄 高新路25号,108.902610,34.230682,高新一期,二手房,1999,0
水电十五局家属院,10655,高新-徐家庄 科技路16号中国水电大厦,108.903679,34.221702,高新二期,二手房,2010,0
市建总公司家属院,23648,高新-高新一中 科技一路高新一幼对面,108.923135,34.286828,高新二期,二手房,2008,0
数字生活365,8912,高新-科技六路 高新水晶岛以北(科技六路与沣惠南路交汇处以西..,108.879807,34.209813,高新一期,二手房,2011,0
陕西省总工会家属院,16322,高新-高新一中 科技一路4号,108.895989,34.218333,高新二期,二手房,2009,0
陕西高速集团西宝分公司住宅区,19275,高新-高新一中 高新路63号,108.895297,34.218668,高新一期,二手房,2001,0
尚怡园,23572,高新-高新四路 西沣路与韦郭路十字西南角,108.854634,34.153395,高新一期,二手房,2012,0
沙井宜居,10201,高新-科技六路 太白南路168号,108.901804,34.208222,高新二期,二手房,2008,0
陕西宾馆红房家属院,12143,高新-科技六路 (雁塔) 丈八东路陕西宾馆红房家属院,108.875670,34.193473,高新二期,二手房,1983,0
市政小区(雁塔),10457,"高新-徐家庄 (雁塔) 环南路西段150号, 二环南路西段..",108.905548,34.231345,高新二期,二手房,1996,0
双旗寨小区,,高新-软件新城 天谷三路2057号,108.813794,34.224261,软件新城,二手房,2022,0
市级机关永松路三号院,,高新-高新路,108.919230,34.222129,高新一期,二手房,,0
陕西地建公寓楼,,高新-高新四路 光泰路,108.895916,34.233328,高新一期,二手房,2004,0
天地源棠樾坊,19048,高新-CID中央创新区 中央创新区双江二路与兴隆三路十字东北角,108.813288,34.123965,高新二期,二手房,2024,0
太白花园,10369,高新-徐家庄 科技路10号,108.905576,34.220733,高新二期,二手房,2000,0
天地源杰座名园,17929,高新-科技路西口 高新科技路与团结南路交汇处,108.880807,34.230572,高新一期,二手房,2010,0
天幕阔景,15741,高新-高新四路 科技路33号,108.896679,34.226820,高新一期,二手房,2003,0
唐延公馆,14885,高新-高新一中 科技一路58号,108.884451,34.222781,高新二期,二手房,2013,0
天然气公司家属院,9110,高新-大寨路 高新区大寨路与昆明池路交汇处向北500米路东,108.890880,34.235872,高新一期,二手房,2005,0
天然气家属院,8562,高新-高新四路 南二环秦华天然气公司旁,108.919219,34.226937,高新一期,二手房,1998,0
田园公寓,9376,高新-锦业路 高新区新型工业园艺术大街东段东侧,108.872323,34.167768,高新二期,二手房,2006,0
团省委家属院,10241,高新-公交五公司 含光路北段邮电北巷张家村街道办隔壁,108.928432,34.242333,高新一期,二手房,2005,0
桃园湖高级住宅区,23490,高新-高新四路 高新四路甲字1号,108.891643,34.236613,高新一期,二手房,1999,0
天然气小区(雁塔),20746,高新-高新一中 (雁塔) 科创路30号,108.897554,34.220149,高新二期,二手房,1997,0
特警支队家属院,6989,高新-科技路西口 (雁塔) 唐延路特警支队家属院,108.880886,34.236383,高新一期,二手房,1998,0
天地源棠颂坊,26839,"高新-大学城 中央创新区纬三十五路以北,经二十六路以西,经..",108.812562,34.134981,高新三期,二手房,,0
天地源·永安观棠,,高新- 高新区细柳街道纬二十六路以南、纬三十路以北、..,108.800149,34.147758,高新三期,二手房,2026,0
五龙·悦苑,17366,高新-西万路口 西沣路与西部大道交汇处东北角,108.875986,34.168379,高新二期,二手房,,0
梧桐朗座,10607,高新-科技路西口 科技路70号,108.871633,34.230877,高新一期,二手房,2006,0
万科高新生活广场,16401,高新-西万路口 西沣路与雁环路交汇处东北角,108.882770,34.174366,高新二期,二手房,2016,0
五洲国际,18708,高新-高新四路 高新二路与南二环交汇处,108.883689,34.227024,高新一期,二手房,2009,0
五米魔方,8434,高新-软件园 高新六路32号,108.869160,34.222957,软件新城,二手房,2008,0
五十三中家属院,8539,高新-公交五公司 雁塔区白沙路中段,108.905181,34.224073,高新一期,二手房,1998,0
外贸单位家属院,24525,高新-高新一中 高新一路37号,108.892278,34.220219,高新二期,二手房,2004,0
外贸局家属院(科技路),,高新-高新一中 高新一路37号,108.892278,34.220219,高新二期,二手房,,0
万达·天鼎小区,,高新-科技六路 唐延路与科技六路交汇处(东南角),108.885282,34.204418,高新二期,二手房,,0
西安昆明城市花园,,高新-大寨路 昆明路三号桥对面创新路北口,108.876683,34.245477,高新一期,二手房,2017,0
新科花园,8663,高新-徐家庄 科技路和白沙路交汇处向西150米,108.902768,34.221308,高新二期,二手房,1998,0
新科大厦,8737,高新-徐家庄 科技路18号,108.903073,34.222373,高新二期,二手房,2008,0
西电科大家属院,12090,高新-公交五公司 光华路西安电子科技大学,108.908350,34.222542,高新一期,二手房,2009,0
鑫汇苑小区,6087,高新-大寨路 昆明路三号桥附近,108.877894,34.245658,高新一期,二手房,2009,0
消防小区,12830,高新-科技六路 科技七路8号,108.877930,34.201203,高新二期,二手房,2002,0
鑫宇住宅小区,17753,高新-高新一中 高新区科技一路2号,108.896909,34.218055,高新二期,二手房,2007,0
西大家属院,15093,高新-高新四路 高新四路西大桃园校区,108.879243,34.146360,高新一期,二手房,2009,0
西水水岸阳光,29658,高新-科技六路 丈八沟街道科技七路4号,108.879976,34.201272,高新二期,二手房,2016,0
信合小区家属院,25449,高新-科技路西口 科技路西口华润万家旁边,108.209091,34.152613,高新一期,二手房,2005,0
响塘文苑,31404,高新-科技路西口 科技路298号,108.872205,34.233798,高新一期,二手房,2015,0
西安医学院高新校区,12091,高新-徐家庄 (雁塔) 西安医学院高新校区,108.903583,34.232041,高新二期,二手房,2005,0
西安文理学院太白校区家属院,8583,高新-徐家庄 (雁塔) 太白南路212号,108.906167,34.215215,高新二期,二手房,1997,0
西安市天燃气总公司住宅小区,8687,高新-大寨路 丈八北路540号,108.863218,34.242780,高新一期,二手房,1998,0
西安焦化老南区小区,7704,高新-科技六路 丈八北路1号,108.883689,34.227024,高新二期,二手房,1998,0
西安焦化厂丈八北路小区,,高新-大寨路 丈八北路1号,108.866190,34.245081,高新一期,二手房,,0
西滩村安置小区,,高新-锦业路 丈八西路,108.837875,34.193706,高新二期,二手房,,0
辛家坡花园小区,,高新-科技六路 太白南路,108.920759,34.226615,高新二期,二手房,1993,0
肖里新居时代,,高新-鱼化寨 富源二路195号,108.796627,34.161763,高新二期,二手房,2013,0
细柳社区,,高新-锦业路 毕原二路,108.796572,34.163222,高新二期,二手房,2013,0
西北物资家属院,,高新-太白立交 友谊西路470号,108.905626,34.234529,高新一期,二手房,,0
西安通信学院生活区,,高新-电子城 丈东八路,108.920233,34.189919,高新一期,二手房,,0
西安市残疾人联合会家属院,,高新-太白立交 二环南路西段17号,109.007282,34.235482,高新一期,二手房,,0
西安电子科技大学长安校区家属区E区,,高新-大学城 西沣路,108.826035,34.110814,高新二期,二手房,1998,0
西安电子科技大学长安校区家属区,,高新-大学城 西太路,108.822211,34.114982,高新三期,二手房,1998,0
赢园雅筑,9150,高新-软件园 高新开发区科技一路59号,108.867172,34.222946,软件新城,二手房,2008,0
雍信花园,14737,高新-高新一中 高新路附49号,108.899463,34.222900,高新一期,二手房,2002,0
亚美大厦,13623,高新-高新四路 陕西省西安市高新区科技路39号,108.894076,34.227612,高新一期,二手房,2000,0
阳光公寓,11751,高新-高新一中 科技路附28号,108.899690,34.223323,高新二期,二手房,1998,0
药监局家属院,24140,高新-高新四路 高新四路,108.868944,34.211317,高新一期,二手房,2005,0
银河职工公寓,10285,高新-高新一中 (雁塔) 唐延路银河职工公寓,108.885037,34.215487,高新二期,二手房,2008,0
邮政小区(雁塔),13112,高新-高新一中 (雁塔) 科技路36号,108.894249,34.226002,高新二期,二手房,2000,0
悦苑,,高新-西万路口 沈家桥四路160号,108.876268,34.166772,高新二期,二手房,,0
岳旗寨安置楼,,高新-鱼化寨 富源五路,108.941113,34.301680,高新二期,二手房,,0
余家庄,,高新-锦业路 丈八西路,108.846031,34.193473,高新二期,二手房,,0
延长石油小区(雁塔区),,高新-科技路西口 沣惠南路,108.880944,34.238501,高新一期,二手房,1998,0
紫薇时光云境,,高新-软件新城 高新区鱼化街办科技五路以南、邵文路以北、化龙..,108.828679,34.224191,软件新城,二手房,2026,0
紫薇华发云峰里,17933,"高新-软件新城 规划二十八路以北,经二十二路以西,经二十六路..",108.814248,34.125975,高新三期,二手房,,0
紫薇云上,27381,高新-大学城 中央创新区纬三十二路与经二十路西北角,108.824711,34.138411,高新三期,二手房,,0
紫薇之家,26088,高新-西万路口 西安市西万路甲字一号,108.948179,34.324889,高新二期,二手房,2000,0
紫薇康馨公寓,12334,高新-锦业路 锦业4路1号,108.858501,34.170140,高新二期,二手房,2006,0
卓越里,,高新-鱼化寨 鱼跃路与富源二路交汇处西北角,108.826914,34.236195,高新二期,二手房,2023,0
紫薇龙腾新世界,10910,高新-公交五公司 西安市雁塔区科技路1号,108.910702,34.220289,高新一期,二手房,2007,0
质检局家属院,14871,高新-高新一中 高新博文路北口,108.971778,34.244038,高新二期,二手房,2001,0
丈八家园,21527,高新-锦业路 丈八北路绿地世纪城附近,108.859966,34.193673,高新二期,二手房,2009,0
中联设计高新家属院,16522,高新-高新一中 高新路与科技一路交汇处华润万家旁,108.894946,34.217914,高新一期,二手房,2010,0
丈八壹号,13048,高新-锦业路 丈八西路丈八一号小区(丈八家园旁),108.860400,34.195208,高新二期,二手房,2003,0
总后西安材料仓库小区,7601,高新-大寨路 (雁塔) 丈八北路829号,108.866256,34.244576,高新一期,二手房,2000,0
紫薇信息公寓,11023,高新-西万路口 太白南路与丈八路交汇处,108.857209,34.160115,高新二期,二手房,2006,0
周宋欣苑,,高新-软件新城 天谷三路,108.817859,34.221332,软件新城,二手房,2024,0
制药厂福利区,,高新-城西客运站 汉城南路,108.922827,34.197086,其他,二手房,2009,0
闸口社区,,高新-锦业路 丈八六路,108.848395,34.196106,高新二期,二手房,2015,0
中铁立丰城市广场小区,,高新-西万路口 丈八东路与子午大道十字西南角,108.896708,34.190892,高新二期,二手房,2017,0
汇鑫高级温泉小区(别墅),,高新-高新四路 二环南路西段6号,108.890267,34.238118,高新一期,二手房,,0
海棠三章凤鸣海棠,,高新-科技六路 雁塔区鱼化寨街道,108.852420,34.209116,高新二期,二手房,,0
企业壹号公园别墅,37222,高新-锦业路 西安高新区长安科技产业园西部大道2号,108.865818,34.163716,高新二期,二手房,2001,0
桃园湖别墅,31761,高新-高新四路 高新四路甲子一号,108.891643,34.236613,高新一期,二手房,2002,0
御玺御峰(别墅),,高新-锦业路 锦业二路十号,108.862926,34.175098,高新二期,二手房,2014,0
紫薇生态城别墅,,高新-西万路口 西安国际社区,108.754176,34.135415,高新二期,二手房,,0
北沈新世纪,,高新-西万路口 西安市市北沈家桥路与长沣路西北角 北沈新世纪,108.890539,34.188301,高新二期,二手房,2018,0
八一社区二测中心,,高新-科技六路 (雁塔) 八一社区二测中心,108.993498,34.227923,高新二期,二手房,,0
陈家庄小区,,高新-科技路西口 科技路68号,108.871476,34.229826,高新一期,二手房,2015,0
茶张馨苑,,高新-科技六路 丈八北路与科技六路十字,108.865930,34.204164,高新二期,二手房,2016,0
创汇社区,,高新-锦业路 郭杜街道定昆池二路与上林苑二路接口,108.820374,34.171939,高新二期,二手房,2008,0
长安三建公司,,高新-锦业路 (雁塔) 西部大道1号,108.930381,34.148441,高新二期,二手房,,0
大仁新苑,,高新-西万路口 西沣路与韦郭路十字往南郭杜建材城对面,108.844016,34.148364,高新二期,二手房,2008,0
地税雁塔分局家属院,8388,高新-徐家庄 (雁塔) 科技路20号,108.902002,34.221989,高新二期,二手房,1998,0
东滩社区南区,,高新-锦业路 丈八西路,108.841251,34.191180,高新二期,二手房,,0
付村花园,,高新-锦业路 锦业二路与丈八四路口,108.859359,34.175129,高新二期,二手房,2007,0
沣惠南路延长石油小区,,高新-科技路西口 西安市科技路与沣惠南路交叉口西北角向北500..,108.880944,34.238501,高新一期,二手房,,0
高新尚居,,高新-锦业路 科技八路与西三环交汇处,108.843427,34.196803,高新二期,二手房,2014,0
甘家寨小区,,高新-徐家庄 科技二路中段,108.895722,34.212907,高新二期,二手房,2012,0
高家堡,,高新-西万路口 西沣二路,108.888030,34.176999,高新二期,二手房,2010,0
鸿锦城天逸,15446,高新-鱼化寨 (雁塔) 化龙三路与科技二路,108.842763,34.220633,高新二期,二手房,2013,0
航天九院七七一所,9302,高新-高新一中 (雁塔) 科技二路,108.906775,34.211675,高新二期,二手房,2000,0
和诚,,高新-科技六路 (雁塔) 和诚,108.883689,34.227024,高新二期,二手房,,0
海升丽呈酒店,,高新-科技六路 沣惠南路34号,108.883689,34.227024,高新一期,二手房,,0
金域牟嘉,,高新-大寨路 高新丈八路与大寨路交汇处(恒大城向西约300..,108.853316,34.241401,高新一期,二手房,2013,0
交警大队家属楼,7547,高新-徐家庄 (长安) 交警大队家属楼,108.996500,34.269000,高新二期,二手房,1998,0
昆明路小区,8226,高新-大寨路 (莲湖) 昆明路19号,108.868026,34.245336,高新一期,二手房,1995,0
科技路西段259号院,,高新-科技路西口 科技路西段259号,108.886041,34.241820,高新一期,二手房,,0
龙韵人和,,高新-软件园 西安市雁塔区鱼丁路甲子一号,108.854093,34.218730,软件新城,二手房,2009,0
绿地缤纷城,,高新-锦业路 (雁塔) 锦业路7号,108.883689,34.227024,高新二期,二手房,2013,0
铭景新城,,高新-大寨路 大寨路与民洁路交汇处向北300米,108.868749,34.243991,高新一期,二手房,2015,0
木塔寺社区,,高新-科技六路 科技六路西万路口万达one木塔寨社区,108.893386,34.204960,高新二期,二手房,2012,0
木塔永和坊,,高新-科技六路 陕西省西安市雁塔区六路中段科技,108.893386,34.204960,高新二期,二手房,2014,0
南窑头小区,,高新-唐延路 西安市高新区科技四路,108.875544,34.212259,高新二期,二手房,2010,0
南沈新苑,,高新-西万路口 雁塔区西沣一路,108.889759,34.177717,高新二期,二手房,2018,0
南窑头社区西区,,高新-软件园 团结南路,108.873354,34.212239,高新一期,二手房,2010,0
铺尚新村花园,,高新-锦业路 丈八西路与丈八六路十字路口的西北角,108.845650,34.195460,高新二期,二手房,,0
培华学院东区,8979,高新-徐家庄 (雁塔) 白沙路5号,108.904299,34.219626,高新二期,二手房,1998,0
日化南苑,10258,高新-科技路西口 鱼斗路18号,108.858290,34.224357,高新一期,二手房,2017,0
融鑫路小区,9424,高新-徐家庄 (雁塔) 融鑫路六号,108.907355,34.218056,高新二期,二手房,2008,0
盛景园,,高新-科技路西口 团结南路18号,108.874653,34.238216,高新一期,二手房,2007,0
石桥欣苑,,高新-鱼化寨 西三环与大寨路的交界处,108.837578,34.236595,高新一期,二手房,2009,0
水利社区,6024,高新-软件园 中国鱼化寨5号,108.981061,34.257864,软件新城,二手房,2002,0
陕煤小区,11891,高新-锦业路 锦业一路2号,108.879185,34.184859,高新二期,二手房,2004,0
陕西省药品监督管理局家属院,15040,高新-软件园 (雁塔) 科技五路23号,108.868944,34.211317,软件新城,二手房,2021,0
太白里住宅小区,,高新-科技六路 太白南路中段(科技六路与丈八路之间兰乔圣菲对..,108.894419,34.202230,高新二期,二手房,2011,0
团结南路停车场,,高新-科技路西口 (雁塔) 团结南路2号,108.873800,34.225240,高新一期,二手房,2003,0
唐延路北段小区,,高新-科技路西口 (雁塔) 唐延路北段136号,108.883981,34.234069,高新一期,二手房,2000,0
文兴巷新兴大厦,,高新-科技路西口 文兴巷新兴大厦,108.867813,34.234717,高新一期,二手房,2001,0
新乐城,,高新-科技路西口 大寨路与丈八北路十字东南,108.866594,34.238703,高新一期,二手房,2011,0
曦城,,高新-鱼化寨 西三环与昆明路十字西南角(大寨路小学对面),108.824652,34.243896,高新一期,二手房,2014,0
新栋,,高新-科技路西口 丈八北路491号,108.869629,34.234646,高新一期,二手房,2014,0
西辛庄小区,,高新-科技路西口 西安市唐兴路,108.869461,34.228361,高新一期,二手房,2010,0
响塘德苑,,高新-科技路西口 团结南路,108.873829,34.237142,高新一期,二手房,2014,0
西安木塔寨南村安置楼,,高新-科技六路 西安市雁塔区太白南路23号,108.890927,34.197062,高新二期,二手房,2016,0
西桃园社区,10336,高新-高新四路 西关街道群贤路280号,108.888292,34.238794,高新一期,二手房,2017,0
西沣馨苑,,高新-西万路口 沈家桥三路,108.882064,34.171595,高新二期,二手房,2010,0
西沙湖花园,7406,高新-锦业路 丈八西路与西三环交叉路口往西约100米,108.837875,34.193706,高新二期,二手房,2019,0
西北大学桃园校区,10506,"高新-高新四路 (雁塔) 高新四路, 高新四路155号",108.890182,34.234816,高新一期,二手房,2000,0
新新佳园,,高新-高新一中 (雁塔) 枫林路与科技二路交叉口,108.752012,34.311944,高新二期,二手房,,0
西安大都荟,14096,高新-高新四路 科技路305号,108.886725,34.230575,高新一期,二手房,2001,0
西安电子科技大学社区S,,高新-公交五公司 (雁塔) 西安电子科技大学社区S,108.908350,34.222542,高新一期,二手房,1998,0
星晖瑾园,,高新-高新一中 安区五星街道,108.811324,34.079156,高新二期,二手房,,0
袁旗寨新村,,高新-锦业路 丈八西路与丈八六路十字路口的西南角,108.846516,34.190671,高新二期,二手房,2002,0
鱼斗路小区,,高新-科技路西口 (雁塔) 鱼斗路36号,108.846129,34.217596,高新一期,二手房,2007,0
丈八南村,,高新-锦业路 西安市高新区丈八路,108.847947,34.193471,高新二期,二手房,2009,0
丈八西村,,高新-锦业路 西安市雁塔区丈八街道,108.928837,34.240755,高新二期,二手房,,0
漳浒寨雷家寨安置楼,,"高新-软件新城 天谷五路,近云水一路",108.831625,34.213675,软件新城,二手房,2017,0
皂河路小区,,高新-锦业路 (长安) 皂河路158,108.937633,34.143271,高新二期,二手房,,0
丈八北路北段小区,9611,高新-科技路西口 (雁塔) 丈八北路9号,108.866413,34.236234,高新一期,二手房,2001,0
丈八一号,,高新-锦业路 (雁塔) 瞪羚路丈八一号,108.860400,34.195208,高新二期,二手房,2003,0
紫薇田园都市饮食街,,高新-锦业路 (长安) 紫薇田园都市中式文化大街,108.864943,34.169846,高新二期,二手房,,0
金茂璞逸高新,33211,高新区科技六路以北、化龙三路以东,108.845540,34.207078,高新二期,新房,,
绿城·长安玉华,31421,高新区丝路软件城科技七路以南、科技八路以北、鱼化三路以西,108.859956,34.202052,高新二期,新房,,
邦泰·观宸高新,21060,软件新城天谷四路以北、云水四路以西,108.816886,34.219255,软件新城,新房,,
绿城熙海棠,20896,雁塔区雁环路28号,108.843774,34.210392,高新二期,新房,,
绿城锦海棠,20896,科技七路与鱼化三路交汇处西北角,108.855816,34.202857,高新二期,新房,,
高科·天樾云河,18977,高新区国际社区大吉环道以东、灵韵二路以南,109.061795,34.289865,国际社区,新房,,
铁建越秀·高新璞悦,22313,科技路与鱼化三路交汇向南200米,108.852571,34.228825,高新一期,新房,,
阅山境,21000,规划八路以西、经二十二路以东,113.985336,22.579958,高新三期,新房,,
未来之境,25000,CID·未来之瞳·曈芯一环,109.022984,34.363375,高新三期,新房,,
高科紫薇时光云瀚,17200,创智路以西,108.816634,34.126337,其他,新房,,
高科·紫薇嘉境(南),18000,兴德路与星虹二路交汇处东北角,108.815050,34.134256,其他,新房,,
高科·轩阅里,15200,鱼斗路与西三环相交东南角,108.836955,34.224649,其他,新房,,
招商天青雲麓,25000,高新区西太路,108.811014,34.130345,高新三期,新房,,
越秀铁建·西派天悦,22546,成业大道与创智路交汇处,108.813231,34.139502,其他,新房,,
沣和居,17000,国际社区灵秀一路以东,108.756993,34.130154,国际社区,新房,,
荣民壹号,22000,科技路与高新三路交汇西北角,108.890213,34.229494,高新一期,新房,,
华宇·御璟天宸,22000,地铁6号线仁村站D口向东200米,108.840598,34.145853,其他,新房,,
中铁盈创中心,14800,星虹一路未来之瞳旁,108.820012,34.139900,高新三期,新房,,
招商雲蘭,24000,丝路创新区经二十六路西侧,108.811070,34.128838,高新三期,新房,,
中建悦庐·学府,29000,兴隆街道纬二十六路以北,108.830752,34.149482,高新三期,新房,,
高科·紫薇嘉境(北),22500,纬三十四路以南,108.816127,34.136179,高新三期,新房,,
领汇ONE,18000,规划八路以西、经二十二路以东,108.819321,34.125804,高新三期,新房,,
紫薇绿城·南山雲庐,28417,秦岭东五路与草堂九路交汇东南侧,108.971982,34.135404,其他,新房,,
秦商国际中心,20000,锦业一路与丈八一路十字西北角,108.877775,34.185775,高新二期,新房,,
糖果SOHO,14000,科技六路与唐延路交汇处西南,108.879538,34.203775,高新二期,新房,,
高新6號,15000,大寨路和高新六路十字交汇处西南角,108.812991,34.107267,高新一期,新房,,
启迪中心|创公馆,22000,科技二路67号启迪科技园,108.876616,34.220387,高新一期,新房,,
锦业时代·D5大道,23000,锦业路32号锦业时代,108.872725,34.186870,高新二期,新房,,
高新星荟,11500,西沣二路与西沣路交汇处,108.880491,34.175503,高新二期,新房,,
永和锦湾汇,15000,南三环与里花北路交汇处西北角,108.852864,34.183004,其他,新房,,
赛里斯·壹号,38000,沣惠南路与科技五路交汇处西南角,108.880941,34.209900,高新一期,新房,,
高新芳华,21000,科技一路与团结南路十字向东100米,108.877056,34.221593,高新一期,新房,,
大茂城,20000,科技西路与丈八北路交汇处西北角,108.865404,34.232962,高新二期,新房,,
国瑞·西安金融中心,23000,锦业路10号,108.875696,34.187013,高新二期,新房,,
云水壹号,18000,西三环与天谷七路西北角,108.836343,34.206908,软件新城,新房,,
永威时代中心,25000,丈八二路11号,108.874220,34.184694,高新二期,新房,,
高新视界,14500,沣惠南路与大寨路十字西北角,108.881023,34.239548,高新一期,新房,,
高新NEWORLD,19000,团结南路与科技三路交叉口东南角,108.882833,34.230736,高新一期,新房,,
邦泰观云揽玥府,,高新区云水六路以东、天谷二路以北,108.813753,34.226859,软件新城,新房,,
天地源云和锦上,,高新区天谷六路以北、云水三路以西,108.819891,34.212091,软件新城,新房,,
一品臻樾,,高新区细柳街道纬三十路以北、经三十四路以东,108.806985,34.147770,高新三期,新房,,
玫瑰琬,,高新区星虹二路以东、骏业路以北,109.036341,34.446895,其他,新房,,
研阅星睿,,高新区国际社区灵韵一路以南、灵秀一路以东,108.954608,34.304837,国际社区,新房,,
君临,,科技四路和高新路交汇处西南角,108.883689,34.227024,高新一期,新房,,
福安永泰中心,,高新区丈八街道科技六路以北,108.847665,34.206635,高新二期,新房,,
高新 望云松间,50000,科技七路以北、高新路以东,108.887519,34.202347,高新一期,新房,,
紫薇·时光云邸,,高新区中央创新区经二十二路以东、规划二十八路以北,108.816634,34.126337,高新三期,新房,,
绿地高新全球贸易港|WE未来,,西太路与兴隆一路交叉口,108.808490,34.117268,高新三期,新房,,
太和时代广场,16000,唐延路北段20号,108.880497,34.241451,高新二期,新房,,
万科云谷,25000,陕西宾馆向西约700米,121.453312,29.938580,其他,新房,,
高新·天境,,科技六路以北、鱼化三路以西,108.824246,34.212319,高新二期,新房,,
高新大都荟写字楼,20000,科技路207号,108.886299,34.231465,高新一期,新房,,
嘉和中心,,兴隆街道规划十八路以北,108.821029,34.137669,高新三期,新房,,
竹园嘉华企业总部,,科技二路71号,108.873288,34.219955,高新一期,新房,,
半岛上苑,,太白南路以西、永阳一巷以南,114.659766,35.150503,高新一期,新房,,
泰信大厦,,西安市高新区锦业一路8号,108.876210,34.184835,高新二期,新房,,
高新区化龙一路以西地块,,高新区化龙一路以西、科技五路以南,108.893566,34.376297,高新二期,新房,,
GX3-31-14,,高新区鱼化街办科技四路以南、科技五路以北,108.835248,34.183757,高新二期,新房,,
高新区兴隆街道西太路地块,,高新区兴隆街道西太路以西、纬三十六路以北,108.821172,34.125087,高新三期,新房,,
GX3-42-73-2,,高新区兴隆街道经二十六路以西、经三十二路以东,108.835248,34.183757,高新三期,新房,,
高新区中央创新区兴隆三路地块,,高新区中央创新区兴隆三路以南、经二十二路以东,108.813475,34.134325,高新三期,新房,,
GX3-42-41,,高新区中央创新区规划二十三路以北,108.835248,34.183757,高新三期,新房,,
高新区丈八街道锦业路地块,,高新区丈八街道锦业路以南、丈八五路以东,108.874144,34.188548,高新二期,新房,,
GX3-26-9,,高新区兴隆街道兴隆三路以南、兴隆二路以北,108.817203,34.117528,高新三期,新房,,
高新区中央创新区兴隆三路地块2,,高新区中央创新区兴隆三路以南、规划八路以西,108.814513,34.123008,高新三期,新房,,
高新区丝路科学城兴隆三路地块,,高新区丝路科学城兴隆三路以南、规划八路以东,108.814513,34.123008,高新三期,新房,,
高新区中央创新区兴隆二路地块,,高新区中央创新区兴隆二路以南、经二十二路以东,108.813475,34.134325,高新三期,新房,,
高新区中央创新区兴隆二路地块2,,高新区中央创新区兴隆二路以南、规划八路以西,108.813475,34.134325,高新三期,新房,,
高新区中央创新区兴昌三路地块,,高新区中央创新区兴昌三路以北、星虹一路以东,108.813475,34.134325,高新三期,新房,,
高新区中央创新区兴昌三路地块2,,高新区中央创新区兴昌三路以北,108.813475,34.134325,高新三期,新房,,
GX3-26-35,,高新区中央创新区兴隆三路以南、规划十一路以东,108.835248,34.183757,高新三期,新房,,
GX3-45-29,,高新区国际社区北张内环以北、北张一路以南,108.835248,34.183757,国际社区,新房,,
高新区细柳街办韦斗路地块,,高新区细柳街办韦斗路以南、上林苑四路以东,108.902075,34.229725,其他,新房,,
GX3-42-36-2,,高新区中央创新区兴隆街办纬三十五路以南、经二十二路以东,108.835248,34.183757,高新三期,新房,,
GX3-26-37,,高新区中央创新区兴隆二路以北、规划八路以东,114.240762,30.593104,高新三期,新房,,
高新区丈八街办科技八路地块,,高新区丈八街办科技八路以北、经十三路以西,108.902075,34.229725,高新二期,新房,,
高新区丈八街办科技八路地块2,,高新区丈八街办科技八路以北、科技七路以南,108.853767,34.198402,高新二期,新房,,
高新区GX3-42-71-1,,高新区中央创新区经二十二路以东、纬三十二路以南,108.871617,34.221528,高新三期,新房,,
高新区国际社区GX3-44-15地块,,高新区国际社区灵韵二路以南、灵秀东路以西,108.755825,34.132475,国际社区,新房,,
高新GX3-26-31地块,,高新区兴隆街办兴隆一路以北、双江一路以西,108.894765,34.235575,高新三期,新房,,
高新GX3-26-50地块,,高新区兴隆街办兴隆一路以北、兴隆二路以南,108.894765,34.235575,高新三期,新房,,
高新GX3-36-6地块,,高新区鱼化街办天谷三路以北、云水五路以西,108.865383,34.226905,高新二期,新房,,
高新GX2-2-7-3地块,,高新区团结南路东侧,108.889185,34.231335,高新一期,新房,,
高新大寨路YT7-5-70地块,,大寨路以南、丈八北路以东,108.871468,34.238627,高新一期,新房,,
高新区国际社区GX3-44-11地块,,高新区国际社区灵秀东路以西、灵秀一路以东,108.755825,34.132475,国际社区,新房,,
高新区GX3-26-53地块,,高新区兴隆二路以南、双江二路以东,108.899293,34.201590,高新三期,新房,,
高新区中央创新区GX3-42-47地块,,高新区中央创新区经二十二路以东、纬三十六路以北,108.813475,34.134325,高新三期,新房,,
高新GX3-42-56,,高新区中央创新区纬三十六路以南、经二十二路以东,108.865383,34.226905,高新三期,新房,,
高新GX3-42-50,,高新区中央创新区规划二十八路以南、规划八路以西,108.865383,34.226905,高新三期,新房,,
高新GX3-42-51,,高新区中央创新区兴隆三路以北、规划八路以西,108.865383,34.226905,高新三期,新房,,
高新GX3-18-44,,高新区中央创新区纬二十四路以南、规划九路以西,108.889185,34.231335,高新三期,新房,,
高新GX3-26-45,,高新区中央创新区兴隆二路以北、规划八路以西,108.884851,34.209708,高新三期,新房,,
高新GX3-18-45,,高新区兴隆街办纬二十六路以南、经二十路以西,108.884851,34.209708,高新三期,新房,,
高新GX3-19-14地块,,高新区兴隆街办纬三十二路以北、西沣路以西,108.894765,34.235575,高新二期,新房,,
高新中央创新区GX3-42-5地块,,高新区中央创新区纬三十六路以南、经二十二路以西,108.813475,34.134325,高新三期,新房,,
高新GX3-42-25,,高新区中央创新区纬三十五路以北、经二十六路以西,108.894765,34.235575,高新三期,新房,,
科技二路以南地块,,科技二路以南、经十四路以东,108.818727,34.286773,高新一期,新房,,
高新区国际社区GX3-45-30地块,,高新区国际社区北张环道以北、灵秀一路以东,108.755825,34.132475,国际社区,新房,,
高新区中央创新区GX3-42-17地块,,高新区中央创新区纬三十六路以北、规划七路以西,108.813475,34.134325,高新三期,新房,,
高新区中央创新区GX3-42-43地块,,高新区中央创新区经二十二路以东、纬三十五路以北,108.813475,34.134325,高新三期,新房,,
高新区中央创新区GX3-42-55地块,,高新区中央创新区规划三十七路以北,108.813475,34.134325,高新三期,新房,,
高新GX3-26-43,,高新区中央创新区规划三十四路以南、兴隆一路以北,108.884851,34.209708,高新三期,新房,,
高新GX3-26-44,,高新区中央创新区兴隆二路以北、经二十二路以东,108.865383,34.226905,高新三期,新房,,
高新区GX3-2-55-3,,高新区锦业路与丈八五路十字东南角,108.879293,34.217258,高新二期,新房,,
高新区GX3-26-36地块,,高新区兴隆二路以北、规划十一路以东,108.899293,34.201590,高新三期,新房,,
创新公园,,创新路11号(地铁6号线西部大道C口东50米),108.379757,34.073426,其他,新房,,
高新玖號院,,高新区鱼化街道经十三路以东、科技六路以北,108.820725,34.179625,高新二期,新房,,
招商雲墨,,高新区中央创新区经二十路以西,108.832311,34.150431,高新三期,新房,,
龙湖未来之瞳云河颂,,中央创新区成业大道与星虹二路交汇处,108.815572,34.139443,高新三期,新房,,
高科·枫林九里|境阅里,,高新区科技四路与化龙一路交汇处西南角,108.837129,34.224571,高新二期,新房,,
香榭龙轩,,高新区太白南路以西,108.890773,34.195346,高新一期,新房,,
书香锦程,,科技三路与沣惠南路交汇处向西300米,108.879728,34.216261,高新一期,新房,,
易道郡 玫瑰公馆,,丈八北路80号,108.864130,34.215533,高新二期,新房,,
隆基泰和·云玺领峯,,软件新城天谷三路与云水三路交叉口西北角,108.820733,34.223626,软件新城,新房,,
九树,,科技二路61号,108.885504,34.220140,高新一期,新房,,
万达·天鼎,,唐延路与科技六路交汇处(东南角),108.885282,34.204418,高新二期,新房,,
启迪中心,,科技2路65号,108.876616,34.220387,其他,新房,,
CA创意时代·大西洋,,科技二路西安软件园72号,108.872770,34.219083,高新一期,新房,,
地建·环球中心,,科技路与高新二路交汇处西北角,108.892361,34.228791,高新一期,新房,,
中投国际,,锦业一路10号,108.875276,34.184820,高新二期,新房,,
融城云谷,,科技三路与沣惠南路交汇处往西200米,108.878057,34.217098,高新一期,新房,,
金旅城·体育之窗,,唐延路和科技八路东南角,108.962789,34.314562,高新二期,新房,,
